{
  "algorithm": "ConvexHull",
  "dataset": "a280",
  "dimension": 280,
  "runtime": 0.029775142669677734,
  "memory_usage": 217088,
  "tour_cost": 4342.995237302692,
  "tour": [
    1,
    241,
    242,
    240,
    243,
    246,
    249,
    248,
    255,
    254,
    251,
    208,
    207,
    206,
    205,
    204,
    203,
    202,
    201,
    199,
    143,
    142,
    141,
    140,
    139,
    138,
    137,
    136,
    135,
    134,
    133,
    132,
    17,
    18,
    19,
    20,
    127,
    126,
    125,
    124,
    29,
    30,
    28,
    27,
    26,
    25,
    21,
    24,
    22,
    23,
    13,
    12,
    11,
    10,
    9,
    7,
    6,
    5,
    275,
    276,
    3,
    278,
    2,
    279,
    277,
    274,
    273,
    272,
    271,
    270,
    15,
    4,
    8,
    14,
    31,
    32,
    33,
    123,
    122,
    121,
    120,
    119,
    118,
    156,
    157,
    158,
    159,
    174,
    160,
    161,
    162,
    163,
    164,
    165,
    166,
    167,
    168,
    100,
    99,
    98,
    101,
    102,
    103,
    104,
    105,
    106,
    172,
    173,
    107,
    109,
    110,
    113,
    112,
    86,
    83,
    82,
    81,
    80,
    79,
    78,
    88,
    108,
    89,
    90,
    91,
    92,
    93,
    94,
    96,
    97,
    87,
    111,
    84,
    64,
    63,
    62,
    61,
    58,
    43,
    44,
    45,
    46,
    47,
    48,
    49,
    51,
    52,
    53,
    54,
    55,
    56,
    57,
    65,
    66,
    69,
    70,
    71,
    72,
    73,
    74,
    75,
    76,
    67,
    85,
    115,
    114,
    116,
    117,
    60,
    59,
    42,
    41,
    40,
    39,
    38,
    37,
    36,
    35,
    34,
    169,
    170,
    171,
    128,
    153,
    154,
    152,
    155,
    151,
    150,
    176,
    175,
    180,
    179,
    178,
    181,
    182,
    183,
    184,
    186,
    185,
    188,
    187,
    189,
    190,
    191,
    177,
    129,
    130,
    131,
    16,
    269,
    268,
    267,
    266,
    265,
    264,
    147,
    148,
    149,
    146,
    145,
    144,
    198,
    197,
    196,
    193,
    194,
    195,
    200,
    192,
    209,
    210,
    213,
    214,
    217,
    218,
    221,
    211,
    212,
    215,
    216,
    219,
    220,
    252,
    253,
    256,
    257,
    258,
    259,
    260,
    261,
    262,
    263,
    247,
    250,
    229,
    228,
    227,
    226,
    225,
    224,
    239,
    238,
    237,
    230,
    231,
    232,
    233,
    235,
    236,
    245,
    244,
    234,
    223,
    222,
    95,
    77,
    68,
    50,
    0,
    1
  ],
  "ground_truth": 2579,
  "approximation_ratio": 1.6839841943787095
}