{
  "algorithm": "MSTApproximation",
  "dataset": "xql662",
  "dimension": 662,
  "runtime": 0.15040850639343262,
  "memory_usage": 1589248,
  "tour_cost": 3526.5415918369845,
  "tour": [
    0,
    7,
    6,
    32,
    50,
    41,
    47,
    8,
    9,
    10,
    11,
    12,
    13,
    14,
    1,
    33,
    15,
    16,
    2,
    17,
    18,
    19,
    20,
    21,
    3,
    22,
    23,
    34,
    24,
    4,
    25,
    26,
    27,
    28,
    29,
    30,
    5,
    31,
    36,
    43,
    49,
    53,
    57,
    56,
    55,
    48,
    42,
    85,
    84,
    83,
    86,
    87,
    94,
    95,
    96,
    89,
    106,
    131,
    132,
    133,
    107,
    108,
    109,
    110,
    111,
    112,
    101,
    98,
    113,
    114,
    115,
    116,
    117,
    129,
    118,
    119,
    120,
    121,
    103,
    102,
    122,
    123,
    124,
    125,
    126,
    104,
    100,
    99,
    137,
    138,
    127,
    128,
    139,
    140,
    130,
    105,
    93,
    91,
    82,
    52,
    54,
    45,
    39,
    40,
    37,
    46,
    38,
    35,
    90,
    88,
    153,
    154,
    164,
    165,
    158,
    166,
    159,
    151,
    156,
    150,
    163,
    134,
    135,
    136,
    141,
    142,
    143,
    144,
    149,
    148,
    160,
    161,
    162,
    169,
    170,
    180,
    171,
    172,
    181,
    173,
    174,
    175,
    176,
    179,
    178,
    168,
    167,
    190,
    189,
    188,
    187,
    186,
    185,
    204,
    216,
    219,
    218,
    225,
    233,
    226,
    234,
    242,
    191,
    206,
    205,
    220,
    221,
    228,
    236,
    237,
    245,
    262,
    261,
    260,
    259,
    274,
    273,
    272,
    271,
    270,
    258,
    269,
    295,
    294,
    293,
    266,
    254,
    232,
    244,
    252,
    246,
    238,
    208,
    202,
    157,
    152,
    213,
    203,
    184,
    240,
    264,
    267,
    268,
    292,
    301,
    307,
    314,
    313,
    322,
    323,
    324,
    337,
    346,
    336,
    335,
    333,
    330,
    334,
    345,
    297,
    296,
    308,
    316,
    315,
    325,
    317,
    318,
    319,
    309,
    329,
    328,
    327,
    339,
    340,
    347,
    348,
    349,
    354,
    350,
    351,
    355,
    352,
    331,
    306,
    302,
    303,
    310,
    320,
    311,
    304,
    321,
    312,
    305,
    290,
    265,
    332,
    344,
    343,
    342,
    341,
    326,
    338,
    353,
    361,
    360,
    359,
    377,
    376,
    375,
    358,
    357,
    387,
    404,
    403,
    427,
    426,
    422,
    412,
    362,
    363,
    364,
    365,
    379,
    378,
    392,
    397,
    396,
    405,
    398,
    399,
    408,
    409,
    407,
    415,
    416,
    417,
    429,
    406,
    414,
    428,
    380,
    381,
    382,
    366,
    367,
    368,
    369,
    370,
    371,
    372,
    373,
    384,
    385,
    386,
    388,
    393,
    401,
    394,
    389,
    402,
    395,
    390,
    374,
    356,
    411,
    425,
    424,
    423,
    421,
    420,
    434,
    391,
    383,
    400,
    410,
    418,
    430,
    431,
    432,
    413,
    419,
    433,
    449,
    448,
    447,
    446,
    445,
    462,
    461,
    460,
    444,
    443,
    442,
    441,
    440,
    439,
    438,
    437,
    436,
    435,
    466,
    471,
    485,
    479,
    488,
    481,
    489,
    502,
    482,
    472,
    490,
    503,
    491,
    492,
    514,
    513,
    512,
    511,
    510,
    509,
    508,
    538,
    515,
    516,
    517,
    518,
    519,
    520,
    521,
    522,
    523,
    537,
    524,
    525,
    526,
    527,
    528,
    536,
    529,
    530,
    531,
    532,
    533,
    534,
    535,
    539,
    540,
    541,
    545,
    548,
    546,
    542,
    549,
    547,
    543,
    506,
    501,
    507,
    557,
    566,
    565,
    564,
    563,
    544,
    556,
    554,
    553,
    561,
    572,
    583,
    582,
    571,
    560,
    570,
    581,
    569,
    559,
    551,
    552,
    580,
    568,
    558,
    567,
    550,
    555,
    599,
    587,
    586,
    600,
    601,
    626,
    650,
    652,
    653,
    654,
    655,
    656,
    657,
    658,
    659,
    660,
    661,
    594,
    593,
    592,
    591,
    590,
    602,
    603,
    604,
    605,
    595,
    596,
    597,
    598,
    607,
    608,
    609,
    610,
    611,
    612,
    613,
    614,
    619,
    624,
    620,
    615,
    625,
    621,
    616,
    588,
    589,
    633,
    646,
    645,
    644,
    643,
    642,
    641,
    640,
    635,
    634,
    617,
    606,
    618,
    622,
    627,
    628,
    629,
    636,
    637,
    638,
    648,
    639,
    630,
    623,
    631,
    632,
    649,
    647,
    651,
    562,
    573,
    574,
    575,
    584,
    576,
    577,
    585,
    578,
    579,
    474,
    473,
    463,
    469,
    470,
    475,
    494,
    493,
    450,
    459,
    451,
    452,
    453,
    454,
    455,
    456,
    457,
    464,
    465,
    467,
    468,
    458,
    476,
    477,
    480,
    499,
    498,
    505,
    497,
    496,
    504,
    495,
    483,
    484,
    486,
    487,
    500,
    478,
    298,
    299,
    275,
    276,
    277,
    278,
    279,
    280,
    281,
    282,
    283,
    291,
    284,
    285,
    286,
    287,
    288,
    289,
    300,
    243,
    227,
    235,
    207,
    192,
    193,
    194,
    195,
    196,
    197,
    198,
    199,
    200,
    201,
    209,
    210,
    211,
    212,
    222,
    230,
    223,
    214,
    231,
    224,
    215,
    182,
    183,
    241,
    217,
    229,
    239,
    247,
    248,
    249,
    250,
    251,
    253,
    263,
    257,
    256,
    255,
    147,
    155,
    146,
    145,
    177,
    97,
    92,
    58,
    68,
    59,
    60,
    69,
    61,
    62,
    63,
    70,
    64,
    65,
    71,
    66,
    67,
    51,
    44,
    78,
    77,
    79,
    80,
    76,
    75,
    74,
    81,
    72,
    73
  ],
  "ground_truth": 2513,
  "approximation_ratio": 1.4033193759796994
}